ASIN,brand,price,bsr
SAMPLE00000,Acne Brand 11,9.86,2300
SAMPLE00001,Acne Brand 01,18.8,19972
SAMPLE00002,Acne Brand 04,11.47,140
SAMPLE00003,Acne Brand 12,9.16,1234
SAMPLE00004,Acne Brand 02,6.63,65
SAMPLE00005,Acne Brand 06,8.87,882
SAMPLE00006,Acne Brand 03,11.67,754
SAMPLE00007,Acne Brand 05,10.86,57
SAMPLE00008,Acne Brand 11,11.28,103
SAMPLE00009,Acne Brand 02,15.51,6346
SAMPLE00010,Acne Brand 08,6.81,232
SAMPLE00011,Acne Brand 10,10.71,37
SAMPLE00012,Acne Brand 08,9.14,1932
SAMPLE00013,Acne Brand 05,15.76,80
SAMPLE00014,Acne Brand 04,4.96,3452
SAMPLE00015,Acne Brand 12,9.65,15589
SAMPLE00016,Acne Brand 12,9.74,53
SAMPLE00017,Acne Brand 07,10.95,2654
SAMPLE00018,Acne Brand 11,14.37,14
SAMPLE00019,Acne Brand 01,6.56,6896
SAMPLE00020,Acne Brand 20,7.67,45085
SAMPLE00021,Acne Brand 18,11.94,200
SAMPLE00022,Acne Brand 28,13.54,7784
SAMPLE00023,Acne Brand 25,12.2,6996
SAMPLE00024,Acne Brand 19,8.68,11
SAMPLE00025,Acne Brand 06,4.69,72
SAMPLE00026,Acne Brand 18,15.02,38208
SAMPLE00027,Acne Brand 30,10.71,478
SAMPLE00028,Acne Brand 18,8.85,6402
SAMPLE00029,Acne Brand 03,18.19,30643
SAMPLE00030,Acne Brand 25,9.65,89
SAMPLE00031,Acne Brand 10,9.76,46849
SAMPLE00032,Acne Brand 28,7.22,64
SAMPLE00033,Acne Brand 20,8.54,1765
SAMPLE00034,Acne Brand 20,8.14,2361
SAMPLE00035,Acne Brand 25,6.76,7702
SAMPLE00036,Acne Brand 27,9.22,10721
SAMPLE00037,Acne Brand 01,11.1,13
SAMPLE00038,Acne Brand 02,6.33,1388
SAMPLE00039,Acne Brand 10,15.04,12
