ASIN,bsr_detail
SAMPLE00020,45085
SAMPLE00021,200
SAMPLE00022,7784
SAMPLE00023,6996
SAMPLE00024,11
SAMPLE00025,72
SAMPLE00026,38208
SAMPLE00027,478
SAMPLE00028,6402
SAMPLE00029,30643
SAMPLE00030,89
SAMPLE00031,46849
SAMPLE00032,64
SAMPLE00033,1765
SAMPLE00034,2361
SAMPLE00035,7702
SAMPLE00036,10721
SAMPLE00037,13
SAMPLE00038,1388
SAMPLE00039,12
SAMPLE00040,3063
SAMPLE00041,10686
SAMPLE00042,159
SAMPLE00043,18190
SAMPLE00044,56
SAMPLE00045,3148
SAMPLE00046,5346
SAMPLE00047,2876
SAMPLE00048,90
SAMPLE00049,32
SAMPLE00050,1092
SAMPLE00051,6981
SAMPLE00052,31
SAMPLE00053,104
SAMPLE00054,439
SAMPLE00055,5597
SAMPLE00056,17
SAMPLE00057,1061
SAMPLE00058,10490
SAMPLE00059,15314
