Date,AAPL
2020-04-03,-0.014371481658763896
2020-04-06,0.08723762021536974
2020-04-07,-0.01158239637915226
2020-04-08,0.025594707171441078
2020-04-09,0.0072160086545585145
2020-04-13,0.01962768582129537
2020-04-14,0.05050326816644679
2020-04-15,-0.00912750177730981
2020-04-16,0.007946151030710613
2020-04-17,-0.013568897619583575
2020-04-20,-0.02075702839135596
2020-04-21,-0.030910280851219052
2020-04-22,0.028803741260246873
2020-04-23,-0.003875599311817801
2020-04-24,0.028869361321018916
2020-04-27,0.0007071149353565787
2020-04-28,-0.016209221457598955
2020-04-29,0.032845015589829885
2020-04-30,0.02109602588613768
2020-05-01,-0.016099609232263945
2020-05-04,0.014149165310115563
2020-05-05,0.015008898709805596
2020-05-06,0.010317129680230241
2020-05-07,0.01034495181160855
2020-05-08,0.023801910356851863
2020-05-11,0.015735143363556414
2020-05-12,-0.01142800476953254
2020-05-13,-0.012074110117971437
2020-05-14,0.006143029116439047
2020-05-15,-0.005911927509329007
2020-05-18,0.023561055442280265
2020-05-19,-0.005778198097622811
2020-05-20,0.01944808758226224
2020-05-21,-0.007455579813105961
2020-05-22,0.006438329357786099
2020-05-26,-0.00677317774214703
2020-05-27,0.004356679414908582
2020-05-28,0.0004403115085134246
2020-05-29,-0.0009740375071723983
2020-06-01,0.012297674560490579
2020-06-02,0.004629425342101978
2020-06-03,0.005505246725684199
2020-06-04,-0.00861199678320157
2020-06-05,0.028480692357563342
2020-06-08,0.005912709170968755
2020-06-09,0.03157799905150416
2020-06-10,0.02572733456062415
2020-06-11,-0.04801027771059441
2020-06-12,0.008633449902844204
2020-06-15,0.012366977337525231
2020-06-16,0.026502403454415457
2020-06-17,-0.001391594941853369
2020-06-18,0.00039802467269312025
2020-06-19,-0.005714359383758416
2020-06-22,0.026163554496164698
2020-06-23,0.02134487273084651
2020-06-24,-0.017652365769775247
2020-06-25,0.013275807196836631
2020-06-26,-0.030725785402675565
2020-06-29,0.0230466509194458
2020-06-30,0.008347571924834263
2020-07-01,-0.0018915575486940783
2020-07-02,0.0
2020-07-06,0.026750453180566458
2020-07-07,-0.0031029239486295435
2020-07-08,0.023290035901409212
2020-07-09,0.0043004477314192435
2020-07-10,0.0017490052137176804
2020-07-13,-0.004612946272081975
2020-07-14,0.016548342502487268
2020-07-15,0.006877378600142148
2020-07-16,-0.012305021263596783
2020-07-17,-0.0020201911453657795
2020-07-20,0.02107404474943997
2020-07-21,-0.01380195141387186
2020-07-22,0.0028092646161053114
2020-07-23,-0.045516311605352855
2020-07-24,-0.0024771933293588067
2020-07-27,0.023700028577806176
2020-07-28,-0.01642737513897896
2020-07-29,0.019168193566556635
2020-07-30,0.012100322007063014
2020-07-31,0.10468858416664717
2020-08-03,0.02519777187418648
2020-08-04,0.006677972951058653
2020-08-05,0.003624802047933473
2020-08-06,0.034889118762425175
2020-08-07,-0.022735814850647684
2020-08-10,0.01453500152587206
2020-08-11,-0.02973982800384689
2020-08-12,0.03323402801552344
2020-08-13,0.017697757542320947
2020-08-14,-0.0008911936159298195
2020-08-17,-0.0026110651579752675
2020-08-18,0.008332987639710243
2020-08-19,0.0012546805718993692
2020-08-20,0.022189681657104776
2020-08-21,0.051532428834374144
2020-08-24,0.011960303846941578
2020-08-25,-0.00820370570057305
2020-08-26,0.013598795096227079
2020-08-27,-0.01195421414495057
2020-08-28,-0.0016198805591891574
2020-08-31,0.03391225418855859
2020-09-01,0.03983235890832315
2020-09-02,-0.020718454496355343
2020-09-03,-0.08006077826536506
2020-09-04,0.0006618601357759601
2020-09-08,-0.06729493454153412
2020-09-09,0.039886626088286636
2020-09-10,-0.0326456871897729
2020-09-11,-0.013128925874830166
2020-09-14,0.02999986809235433
2020-09-15,0.0015604259573898105
2020-09-16,-0.029513619549050074
2020-09-17,-0.01596369680770915
2020-09-18,-0.031720258300725
2020-09-21,0.030325842666877767
2020-09-22,0.01571601563584757
2020-09-23,-0.04194615235723831
2020-09-24,0.01026879192663932
2020-09-25,0.03751607410065083
2020-09-28,0.023868869210405208
2020-09-29,-0.007567879940917566
2020-09-30,0.015075676972450047
2020-10-01,0.008462175414682749
2020-10-02,-0.03227998021253764
2020-10-05,0.030791062253162638
2020-10-06,-0.028669542522527403
2020-10-07,0.01696693384011083
2020-10-08,-0.0009557280621793618
2020-10-09,0.01739597659302028
2020-10-12,0.06352057656491716
2020-10-13,-0.026527415077629457
2020-10-14,0.0007431993013549132
2020-10-15,-0.003960872411263083
2020-10-16,-0.014000534217976424
2020-10-19,-0.02554168466956197
2020-10-20,0.013191732562090719
2020-10-21,-0.00544619475228636
2020-10-22,-0.009583569793681024
2020-10-23,-0.006133774784800594
2020-10-26,8.702635190727115e-05
2020-10-27,0.013472474129672118
2020-10-28,-0.04631244253681921
2020-10-29,0.0370504012235815
2020-10-30,-0.056017857461672205
2020-11-02,-0.0008269075052521613
2020-11-03,0.015353761377852715
2020-11-04,0.04083640668367683
2020-11-05,0.03549367091722866
2020-11-06,-0.001135869613655749
2020-11-09,-0.01996803654778856
2020-11-10,-0.003008969448196397
2020-11-11,0.030352595661572446
2020-11-12,-0.0023432623264185715
2020-11-13,0.0004193849144094042
2020-11-16,0.00872057552351646
2020-11-17,-0.007564585379169264
2020-11-18,-0.011391346926159729
2020-11-19,0.005168406561288252
2020-11-20,-0.010957585279241067
2020-11-23,-0.029742495648893308
2020-11-24,0.011593895324199854
2020-11-25,0.00746750747731606
2020-11-27,0.00482627564440663
2020-11-30,0.021099462154872572
2020-12-01,0.030827442378644765
2020-12-02,0.002933615725489558
2020-12-03,-0.0011374568768975912
2020-12-04,-0.0056126583603143265
2020-12-07,0.012269901250553383
2020-12-08,0.005091034492376689
2020-12-09,-0.02090362091692899
2020-12-10,0.011988723543548518
2020-12-11,-0.0067347855921597866
2020-12-14,-0.005146572239463576
2020-12-15,0.05009027825956891
2020-12-16,-0.00054738113431263
2020-12-17,0.006963459438252384
2020-12-18,-0.01585081212821038
2020-12-21,0.012395220807174034
2020-12-22,0.02846499014521653
2020-12-23,-0.006976558539645739
2020-12-24,0.007712651410368032
2020-12-28,0.03576564512171232
2020-12-29,-0.013314971233271078
2020-12-30,-0.008526611809524853
2020-12-31,-0.007702587749403023
2021-01-04,-0.0247194048338919
2021-01-05,0.012363628427967788
2021-01-06,-0.03366136446868684
2021-01-07,0.03412305705798779
2021-01-08,0.008631431959163827
2021-01-11,-0.023248986206708122
2021-01-12,-0.0013954344969313581
2021-01-13,0.01622666485814106
2021-01-14,-0.015127106471826801
2021-01-15,-0.01373048888200823
2021-01-19,0.005427000442465024
2021-01-20,0.03285620601609751
2021-01-21,0.03665823542937807
2021-01-22,0.01607383357755543
2021-01-25,0.027683709579176874
2021-01-26,0.0016791768783843697
2021-01-27,-0.007683691012382976
2021-01-28,-0.03498515806273872
2021-01-29,-0.037420626459704676
2021-02-01,0.016519962195653104
2021-02-02,0.006336541157340836
2021-02-03,-0.007778198264207226
2021-02-04,0.025758035439218396
2021-02-05,-0.003098062606010865
2021-02-08,0.0010968386532586027
2021-02-09,-0.006573707071200641
2021-02-10,-0.00455863787987687
2021-02-11,-0.00192057955727154
2021-02-12,0.0017761114173704406
2021-02-16,-0.01610375302124023
2021-02-17,-0.017644006166256943
2021-02-18,-0.008636514339691037
2021-02-19,0.0012334504764046628
2021-02-22,-0.029798856587133327
2021-02-23,-0.001111179633371595
2021-02-24,-0.004052220431331466
2021-02-25,-0.03478248317275967
2021-02-26,0.0022317085969045802
2021-03-01,0.05385090026900974
2021-03-02,-0.020893493379539496
2021-03-03,-0.02445661853811587
2021-03-04,-0.015811791746582093
2021-03-05,0.010738303084032008
2021-03-08,-0.0416735614245024
2021-03-09,0.04064987452986135
2021-03-10,-0.00916682946519709
2021-03-11,0.01650289298111285
2021-03-12,-0.007625636422397997
2021-03-15,0.024456676856652093
2021-03-16,0.012743065718423985
2021-03-17,-0.006450556060801027
2021-03-18,-0.0339050475836965
2021-03-19,-0.004480321678517973
2021-03-22,0.028335692595572226
2021-03-23,-0.006888599352835256
2021-03-24,-0.01999361795645227
2021-03-25,0.004163624378502373
2021-03-26,0.0051413622924456615
2021-03-29,0.0014851269521494181
2021-03-30,-0.01227450669897212
2021-03-31,0.018765573082918374
2021-04-01,0.006958592421673293
2021-04-05,0.02357734683044832
2021-04-06,0.002462290269654277
2021-04-07,0.01339029395775948
2021-04-08,0.01923375722455556
2021-04-09,0.020251686388696122
2021-04-12,-0.013233032880364815
2021-04-13,0.02430615178609541
2021-04-14,-0.01785266863553503
2021-04-15,0.018707572994324684
2021-04-16,-0.0025274385314928427
2021-04-19,0.0050683859600897385
2021-04-20,-0.012830023479515784
2021-04-21,0.0029298612817667546
2021-04-22,-0.011685561134358036
2021-04-23,0.018038787394340172
2021-04-26,0.0029778799225788077
2021-04-27,-0.0024493520897986842
2021-04-28,-0.006027263505329783
2021-04-29,-0.000749063231163416
2021-04-30,-0.015133453040123257
2021-05-03,0.008215511215038607
2021-05-04,-0.03538537404460684
2021-05-05,0.001955484887894876
2021-05-06,0.012802607361025231
2021-05-07,0.005327394015723019
2021-05-10,-0.025804639491384118
2021-05-11,-0.007410230798673867
2021-05-12,-0.024938544244014205
2021-05-13,0.017919824202421886
2021-05-14,0.01984461255571701
2021-05-17,-0.009258480380381906
2021-05-18,-0.011245733616135345
2021-05-19,-0.0012815464390377729
2021-05-20,0.021012070812119754
2021-05-21,-0.014767096146962033
2021-05-24,0.013314308439562828
2021-05-25,-0.0015734976604258044
2021-05-26,-0.00039419463515710795
2021-05-27,-0.012376810291594098
2021-05-28,-0.005347904340935572
2021-06-01,-0.0026485429060498777
2021-06-02,0.006276233293558864
2021-06-03,-0.012154030083688094
2021-06-04,0.019022183590887698
2021-06-07,7.94466043967379e-05
2021-06-08,0.006671928732057131
2021-06-09,0.003077205756004897
2021-06-10,-0.008023405906282255
2021-06-11,0.009832954000419836
2021-06-14,0.024577707468777188
2021-06-15,-0.0064376768004330565
2021-06-16,0.003933910449219757
2021-06-17,0.012600794550084116
2021-06-18,-0.0100915805730325
2021-06-21,0.014103882096559106
2021-06-22,0.012698348525508552
2021-06-23,-0.0020898342747295295
2021-06-24,-0.002169075092951611
2021-06-25,-0.0022486999813136066
2021-06-28,0.012545998862659058
2021-06-29,0.011500534935587226
2021-06-30,0.004620871701979112
2021-07-01,0.002263495960489914
2021-07-02,0.019596170568043636
2021-07-06,0.014718737781550306
2021-07-07,0.01795515983855145
2021-07-08,-0.009199753132763666
2021-07-09,0.013054775552327147
2021-07-12,-0.0042035445919321734
2021-07-13,0.007889400973530858
2021-07-14,0.02410051017739967
2021-07-15,-0.004492233723661254
2021-07-16,-0.0140759692600676
2021-07-19,-0.026914367794295124
2021-07-20,0.025974055916808014
2021-07-21,-0.005131805077871698
2021-07-22,0.009628904418072848
2021-07-23,0.01198891207012509
2021-07-26,0.002894318070322699
2021-07-27,-0.01490020048393692
2021-07-28,-0.012195744409693288
2021-07-29,0.004552185899280747
2021-07-30,0.0015104833407089124
2021-08-02,-0.0023309308486940683
2021-08-03,0.012644205895205651
2021-08-04,-0.00278214481565775
2021-08-05,0.0007484025405244399
2021-08-06,-0.004766966445444054
2021-08-09,-0.00034215904924661533
2021-08-10,-0.0033539215687322654
2021-08-11,0.0017855681518479383
2021-08-12,0.02077322858570474
2021-08-13,0.0014103786542070118
2021-08-16,0.013548090726144713
2021-08-17,-0.006154000363744583
2021-08-18,-0.025501252031828847
2021-08-19,0.002323013960170206
2021-08-20,0.010156929700080308
2021-08-23,0.010257343542237285
2021-08-24,-0.0006014500516385857
2021-08-25,-0.00842150637742256
2021-08-26,-0.005526832721813757
2021-08-27,0.007184687428522185
2021-08-30,0.03041704222819619
2021-08-31,-0.008424822277829924
2021-09-01,0.00447854145785298
2021-09-02,0.007475224572113026
2021-09-03,0.004230149570104258
2021-09-07,0.01548920411227761
2021-09-08,-0.010083420056891668
2021-09-09,-0.006704976117587469
2021-09-10,-0.033102085186283214
2021-09-13,0.003893625191166983
2021-09-14,-0.009561866645114048
2021-09-15,0.006143481948151397
2021-09-16,-0.0016101377272370598
2021-09-17,-0.018348081747563527
2021-09-20,-0.021361157554427468
2021-09-21,0.0034280513978284244
2021-09-22,0.01687232972547892
2021-09-23,0.006719095469316372
2021-09-24,0.0006132474205533534
2021-09-27,-0.010550192013962345
2021-09-28,-0.023801062895427494
2021-09-29,0.0064827479958404766
2021-09-30,-0.00931156458360416
2021-10-01,0.008127163438856
2021-10-04,-0.024605637207249287
2021-10-05,0.014158184595458811
2021-10-06,0.0063071325200565465
2021-10-07,0.009084789573117424
2021-10-08,-0.0027219662326226635
2021-10-11,-0.0006301126990330141
2021-10-12,-0.009102700957837162
2021-10-13,-0.004239916996018667
2021-10-14,0.020225719755039062
2021-10-15,0.0075125333810712736
2021-10-18,0.01180606955813901
2021-10-19,0.015080117419448813
2021-10-20,0.0033609087554633543
2021-10-21,0.001474051452755143
2021-10-22,-0.005284838227766153
2021-10-25,-0.0003365011422029607
2021-10-26,0.004574972298125646
2021-10-27,-0.0031478201666935712
2021-10-28,0.024991722406658257
2021-10-29,-0.018155529837294293
2021-11-01,-0.005607556330968766
2021-11-02,0.0071161983565859455
2021-11-03,0.00979870154947382
2021-11-04,-0.003498572387842902
2021-11-05,0.0035821296954807735
2021-11-08,-0.005552438627293155
2021-11-09,0.0024593589559140927
2021-11-10,-0.019163276158696507
2021-11-11,-0.0003379707502444429
2021-11-12,0.014336660542610735
2021-11-15,6.695239954690457e-05
2021-11-16,0.006666619539768437
2021-11-17,0.0164901352779101
2021-11-18,0.028535856624299027
2021-11-19,0.016976101120937503
2021-11-22,0.0029274523860423063
2021-11-23,0.0024221092057388205
2021-11-24,0.003283697874677527
2021-11-26,-0.031678675027984715
2021-11-29,0.021873705392666754
2021-11-30,0.03157772941746506
2021-12-01,-0.0032065169147517114
2021-12-02,-0.006129592391427741
2021-12-03,-0.011724327520160949
2021-12-06,0.021502668153813298
2021-12-07,0.03544625378777089
2021-12-08,0.022783231318751485
2021-12-09,-0.0029701314221699526
2021-12-10,0.02801319726814344
2021-12-13,-0.020674172729824303
2021-12-14,-0.008023434729258705
2021-12-15,0.028509387472957615
2021-12-16,-0.0392639435776001
2021-12-17,-0.006501801087160919
2021-12-20,-0.008121920191443976
2021-12-21,0.019087036301295823
2021-12-22,0.015318526926317855
2021-12-23,0.0036439193671420345
2021-12-27,0.022974610650045912
2021-12-28,-0.005767237593932162
2021-12-29,0.0005023584144643323
2021-12-30,-0.006578408060890495
2021-12-31,-0.003535305098028796
2022-01-03,0.025004243700552653
2022-01-04,-0.012691521274220574
2022-01-05,-0.026600077889189055
2022-01-06,-0.0166932575043528
2022-01-07,0.0009882807903272006
2022-01-10,0.00011620148486124471
2022-01-11,0.016783956458938043
2022-01-12,0.0025699634816696015
2022-01-13,-0.01902796757931602
2022-01-14,0.005110731766953869
2022-01-18,-0.01889415017814855
2022-01-19,-0.021024813528216724
2022-01-20,-0.010347048536815007
2022-01-21,-0.012765101134262768
2022-01-24,-0.00486420652763031
2022-01-25,-0.0113847100559471
2022-01-26,-0.0005634061232964171
2022-01-27,-0.0029430225981639246
2022-01-28,0.06977753615743798
2022-01-31,0.02612584075868085
2022-02-01,-0.000972650603151326
2022-02-02,0.007044249036292971
2022-02-03,-0.01671969128075279
2022-02-04,-0.0016795659156795262
2022-02-07,-0.004234481105097165
2022-02-08,0.018466611168004965
2022-02-09,0.008293844772990111
2022-02-10,-0.02359878305274521
2022-02-11,-0.020218557232724366
2022-02-14,0.0014232720870135385
2022-02-15,0.023152290657831198
2022-02-16,-0.0013887281564634035
2022-02-17,-0.02126920054052317
2022-02-18,-0.009355789170047424
2022-02-22,-0.01781228941756441
2022-02-23,-0.02586431581383619
2022-02-24,0.01668051626152578
2022-02-25,0.012965411724671139
2022-02-28,0.0016377566776892838
2022-03-01,-0.011627960715477115
2022-03-02,0.020588188422828724
2022-03-03,-0.001981391321747239
2022-03-04,-0.01840793815222086
2022-03-07,-0.023717861105151172
2022-03-08,-0.011675815312710114
2022-03-09,0.034997209529422424
2022-03-10,-0.02718621546911959
2022-03-11,-0.023908824971862974
2022-03-14,-0.026562117843386135
2022-03-15,0.02967724191269494
2022-03-16,0.02901559149221944
2022-03-17,0.00645379440368643
2022-03-18,0.020919087864124997
2022-03-21,0.008537662263164325
2022-03-22,0.020800354676915767
2022-03-23,0.008233944882190425
2022-03-24,0.022677858393287176
2022-03-25,0.003734017294791503
2022-03-28,0.005036556818832194
2022-03-29,0.01913461946938133
2022-03-30,-0.0066496792206161
2022-03-31,-0.017775754287102985
2022-04-01,-0.001718261944819166
2022-04-04,0.023693503752374445
2022-04-05,-0.018941704452296815
2022-04-06,-0.018451075758966762
2022-04-07,0.0018040671586092571
2022-04-08,-0.011908833084177117
2022-04-11,-0.02551577248766579
2022-04-12,0.011523253638705766
2022-04-13,0.01634245163061787
2022-04-14,-0.02998799076550185
2022-04-18,-0.0013311393904948954
2022-04-19,0.014115035130502607
2022-04-20,-0.0010153553660051662
2022-04-21,-0.004843624977090788
2022-04-22,-0.027821300369894497
2022-04-25,0.006737402348431232
2022-04-26,-0.03732819949678334
2022-04-27,-0.0014668797444655768
2022-04-28,0.04515543329459737
2022-04-29,-0.036604570463058206
2022-05-02,0.0019664344865941707
2022-05-03,0.009622494625742162
2022-05-04,0.04100828141883195
2022-05-05,-0.05571616129172663
2022-05-06,0.0047270206190246356
2022-05-09,-0.03318895543163236
2022-05-10,0.016111909080263942
2022-05-11,-0.05184110214312987
2022-05-12,-0.026894229412774417
2022-05-13,0.03191638015300535
2022-05-16,-0.010672323618340585
2022-05-17,0.025422525406765262
2022-05-18,-0.05641894880593867
2022-05-19,-0.024641590864692975
2022-05-20,0.0017474376330406383
2022-05-23,0.04011914833017727
2022-05-24,-0.019216298239191465
2022-05-25,0.0011401610340355806
2022-05-26,0.023199330604239066
2022-05-27,0.04075691097069245
2022-05-31,-0.005346226491074413
2022-06-01,-0.0008732419971101413
2022-06-02,0.016811163006259955
2022-06-03,-0.03855564302855874
2022-06-06,0.005227445769662609
2022-06-07,0.01758618473389606
2022-06-08,-0.005043463930082925
2022-06-09,-0.03595553043404054
2022-06-10,-0.038628894205725794
2022-06-13,-0.038284854312319316
2022-06-14,0.006672869837531792
2022-06-15,0.020111162923577064
2022-06-16,-0.039651312704302666
2022-06-17,0.011533109114967965
2022-06-21,0.032760754659173275
2022-06-22,-0.00382708944800092
2022-06-23,0.021573459715639842
2022-06-24,0.024517742748146443
2022-06-27,0.0
2022-06-28,-0.029789934047018907
2022-06-29,0.013023882378978113
2022-06-30,-0.018027968599129585
2022-07-01,0.0161645233549359
2022-07-05,0.0189305707814742
2022-07-06,0.009607070656360905
2022-07-07,0.023999784125874557
2022-07-08,0.00471442694550861
2022-07-11,-0.014757897007872667
2022-07-12,0.006833773135219712
2022-07-13,-0.002536568723612964
2022-07-14,0.0204823570556385
2022-07-15,0.011450193386979057
2022-07-18,-0.02064326564290686
2022-07-19,0.026722009514232647
2022-07-20,0.013510219378090715
2022-07-21,0.015093609930459495
2022-07-22,-0.00811052569516002
2022-07-25,-0.007398246110667861
2022-07-26,-0.008826268282319805
2022-07-27,0.03423455971022227
2022-07-28,0.003571648543277073
2022-07-29,0.0327931001426105
2022-08-01,-0.0061533244161929845
2022-08-02,-0.009287422219680375
2022-08-03,0.03824773995840225
2022-08-04,-0.0019263182114062083
2022-08-05,-0.001388980721679145
2022-08-08,-0.002902978440853521
2022-08-09,0.0003031994179023556
2022-08-10,0.026194647567597595
2022-08-11,-0.004431565230931689
2022-08-12,0.0214254805465679
2022-08-15,0.006333675288515028
2022-08-16,-0.000924094338680348
2022-08-17,0.00878477253441523
2022-08-18,-0.002291613156695793
2022-08-19,-0.015101888569823751
2022-08-22,-0.02302933245547012
2022-08-23,-0.0020289802960750114
2022-08-24,0.0017938018421455038
2022-08-25,0.014922601968008209
2022-08-26,-0.037699157671290395
2022-08-29,-0.013690219537614845
2022-08-30,-0.015305565213056926
2022-08-31,-0.010634926420756585
2022-09-01,0.004706961193992054
2022-09-02,-0.013611149561611913
2022-09-06,-0.008215195750017057
2022-09-07,0.009253907071216982
2022-09-08,-0.00961782699362157
2022-09-09,0.018839934951502713
2022-09-12,0.03850780777032137
2022-09-13,-0.058679618086047935
2022-09-14,0.009555444360313414
2022-09-15,-0.018929904131120834
2022-09-16,-0.010960126842684659
2022-09-19,0.025082901394227308
2022-09-20,0.015665511828247602
2022-09-21,-0.0202676327167447
2022-09-22,-0.006375133564533675
2022-09-23,-0.015123834509647383
2022-09-26,0.002260265756462765
2022-09-27,0.006565995890948084
2022-09-28,-0.01265144833639753
2022-09-29,-0.049119072393594254
2022-09-30,-0.03003932218227534
2022-10-03,0.030752422307931182
2022-10-04,0.02562323661259125
2022-10-05,0.002053234218571953
2022-10-06,-0.006625580051172086
2022-10-07,-0.03671865881881342
2022-10-10,0.002355817840254293
2022-10-11,-0.01025532929978279
2022-10-12,-0.004604903173787478
2022-10-13,0.03361284920634833
2022-10-14,-0.03223989621859258
2022-10-17,0.02912268896850123
2022-10-18,0.009409444469949069
2022-10-19,0.0007652788946796996
2022-10-20,-0.0032671116945024448
2022-10-21,0.027059294699972147
2022-10-24,0.014802347842995278
2022-10-25,0.01933767361246419
2022-10-26,-0.019627097382268754
2022-10-27,-0.030465095072279125
2022-10-28,0.07555210414684188
2022-10-31,-0.015410342702337987
2022-11-01,-0.01754250756585196
2022-11-02,-0.03730501786347318
2022-11-03,-0.042404998639067104
2022-11-04,-0.0019474113942351545
2022-11-07,0.0039020863036760556
2022-11-08,0.00417518221782176
2022-11-09,-0.03318989742029854
2022-11-10,0.08897448161854182
2022-11-11,0.019268567548818005
2022-11-14,-0.009485294681155332
2022-11-15,0.01186934126421102
2022-11-16,-0.008331312390684409
2022-11-17,0.01297159858533714
2022-11-18,0.0037816474071532546
2022-11-21,-0.021680075725117542
2022-11-22,0.014661215815958473
2022-11-23,0.005926379843701701
2022-11-25,-0.019593779562257385
2022-11-28,-0.026264220289890283
2022-11-29,-0.02114834965667023
2022-11-30,0.04859397364089757
2022-12-01,0.0018913554092356843
2022-12-02,-0.003371126664421298
2022-12-05,-0.00798322716755806
2022-12-06,-0.025369964105052323
2022-12-07,-0.013784980599225616
2022-12-08,0.012132732847556227
2022-12-09,-0.0034348933650640845
2022-12-12,0.01639011014058034
2022-12-13,0.006782302364717774
2022-12-14,-0.015535560170494622
2022-12-15,-0.04685447008606314
2022-12-16,-0.014578949908995109
2022-12-19,-0.01590930963916448
2022-12-20,-0.0005289242879316092
2022-12-21,0.02380938430443158
2022-12-22,-0.02377246359543206
2022-12-23,-0.0027979659640994248
2022-12-27,-0.013878586354753586
2022-12-28,-0.030685218540889125
2022-12-29,0.028324541078103227
2022-12-30,0.0024688818022837733
2023-01-03,-0.037404930375744216
2023-01-04,0.010314395150101685
2023-01-05,-0.010604840555018646
2023-01-06,0.0367942316432488
2023-01-09,0.004088950170281658
2023-01-10,0.004456282333657802
2023-01-11,0.021112152081875557
2023-01-12,-0.0005991644449151456
2023-01-13,0.010119038972524086
2023-01-17,0.008756314971018364
2023-01-18,-0.005369765564867235
2023-01-19,0.0004438574248770699
2023-01-20,0.019220551188863455
2023-01-23,0.023500361301820094
2023-01-24,0.01006314446539136
2023-01-25,-0.0047005358180089996
2023-01-26,0.014802945420026692
2023-01-27,0.01368454743531311
2023-01-30,-0.020078243008454733
2023-01-31,0.00902107443459732
2023-02-01,0.007900553382566011
2023-02-02,0.03706262999744259
2023-02-03,0.024400147284094897
2023-02-06,-0.017928843753643786
2023-02-07,0.019244421792701916
2023-02-08,-0.017652517077890728
2023-02-09,-0.006911559449748972
2023-02-10,0.0024560791272425497
2023-02-13,0.01880676742251497
2023-02-14,-0.004224885875760753
2023-02-15,0.013903467202331266
2023-02-16,-0.010429386529596019
2023-02-17,-0.007546763558609615
2023-02-21,-0.02667982445013828
2023-02-22,0.002896111449883332
2023-02-23,0.003290467405837605
2023-02-24,-0.01800531930600968
2023-02-27,0.008247757712093406
2023-02-28,-0.003448220650121958
2023-03-01,-0.014245745141899357
2023-03-02,0.004129094938822631
2023-03-03,0.035090159408135424
2023-03-06,0.018539427531717667
2023-03-07,-0.014496692759573215
2023-03-08,0.008377394564225593
2023-03-09,-0.01491480566602621
2023-03-10,-0.013878615133922967
2023-03-13,0.013265966991548916
2023-03-14,0.014089159673885243
2023-03-15,0.0026213987089611646
2023-03-16,0.01869429989741156
2023-03-17,-0.005454049550592921
2023-03-20,0.015483738623937704
2023-03-21,0.011944166340481788
2023-03-22,-0.009103447015790578
2023-03-23,0.0069696078959269325
2023-03-24,0.008305525523770507
2023-03-27,-0.012293458802655088
2023-03-28,-0.003980280311568607
2023-03-29,0.01979073487290628
2023-03-30,0.009889884835615925
2023-03-31,0.0156441206859681
2023-04-03,0.007701810644577423
2023-04-04,-0.003249677398439621
2023-04-05,-0.011290388907373328
2023-04-06,0.0054959317192802
2023-04-10,-0.015972087016173697
2023-04-11,-0.007591265673662639
2023-04-12,-0.00435332087886231
2023-04-13,0.034103809327761914
2023-04-14,-0.002114219660615979
2023-04-17,0.0001210578091328518
2023-04-18,0.007504863039950127
2023-04-19,0.006968114610537368
2023-04-20,-0.005846289380658454
2023-04-21,-0.009780866130124855
2023-04-24,0.0018785562976850745
2023-04-25,-0.00943584193012581
2023-04-26,-6.10611289957319e-05
2023-04-27,0.028395442406386362
2023-04-28,0.007540920108069393
2023-05-01,-0.0005303179380566903
2023-05-02,-0.006191481639967189
2023-05-03,-0.006467203143362132
2023-05-04,-0.00991366415919992
2023-05-05,0.04692721875419292
2023-05-08,-0.0004032946371445023
2023-05-09,-0.009971249425862916
2023-05-10,0.010420799964673044
2023-05-11,0.0010948985185335047
2023-05-12,-0.005417722339992714
2023-05-15,-0.0028973085773376095
2023-05-16,0.0
2023-05-17,0.003603141462853676
2023-05-18,0.013666180089259683
2023-05-19,0.0006283173766623573
2023-05-22,-0.005480711781209235
2023-05-23,-0.015154884572666671
2023-05-24,0.0016320769023319137
2023-05-25,0.0066920997221902034
2023-05-26,0.014105010860422373
2023-05-30,0.01065949201817995
2023-05-31,-0.0002820537277912205
2023-06-01,0.016022555314916254
2023-06-02,0.004775393910126047
2023-06-05,-0.007571272528392958
2023-06-06,-0.0020600957085413762
2023-06-07,-0.007756402050754008
2023-06-08,0.01546515699615858
2023-06-09,0.002159664500781311
2023-06-12,0.015638966948135602
2023-06-13,-0.002611680218509438
2023-06-14,0.0034914991529089168
2023-06-15,0.011198412589699114
2023-06-16,-0.005859606461955491
2023-06-20,0.000486357984555319
2023-06-21,-0.005675205962467178
2023-06-22,0.01652516016852723
2023-06-23,-0.0017112603427050788
2023-06-26,-0.007552770396657693
2023-06-27,0.01505887932454364
2023-06-28,0.006327975094823524
2023-06-29,0.001796367175751712
2023-06-30,0.02310265467474437
2023-07-03,-0.00778469885605626
2023-07-05,-0.005871340070982334
2023-07-06,0.002508758152191426
2023-07-07,-0.005891317205845792
2023-07-10,-0.010855865237356044
2023-07-11,-0.0028099962265647482
2023-07-12,0.008985600896340928
2023-07-13,0.004057387815780578
2023-07-14,0.0007872831381379175
2023-07-17,0.017305631050457126
2023-07-18,-0.0013402539812771286
2023-07-19,0.007071490098182309
2023-07-20,-0.010097206090492472
2023-07-21,-0.006161773488109534
2023-07-24,0.004220110676930844
2023-07-25,0.004513550435651936
2023-07-26,0.004545085470648358
2023-07-27,-0.006581092750378437
2023-07-28,0.013508035369337756
2023-07-31,0.003165894414508541
2023-08-01,-0.004275727071111568
2023-08-02,-0.015490151621897819
2023-08-03,-0.007321538943160566
2023-08-04,-0.04802012891243568
2023-08-07,-0.017253697260278478
2023-08-08,0.00531188584264064
2023-08-09,-0.008954386449997132
2023-08-10,-0.0012348376913687842
2023-08-11,0.00033753773087252803
2023-08-14,0.009393337815530645
2023-08-15,-0.011200313672783624
2023-08-16,-0.004959089232026259
2023-08-17,-0.014555177777808903
2023-08-18,0.002816211376794886
2023-08-21,0.007736589673830174
2023-08-22,0.007904930827904444
2023-08-23,0.021948801605240265
2023-08-24,-0.02617022292152149
2023-08-25,0.01264294868748328
2023-08-28,0.008846227213611835
2023-08-29,0.021810053683386288
2023-08-30,0.0191725127885225
2023-08-31,0.0011723208868503754
2023-09-01,0.008463284612303168
2023-09-05,0.0012667221832012299
2023-09-06,-0.03579321763719667
2023-09-07,-0.029249431122504777
2023-09-08,0.0034917216262948525
2023-09-11,0.006622458604651937
2023-09-12,-0.017060478261457068
2023-09-13,-0.011854914791896931
2023-09-14,0.008782631250092487
2023-09-15,-0.00415394290331339
2023-09-18,0.016913279516468593
2023-09-19,0.006180684910759959
2023-09-20,-0.019992004887760206
2023-09-21,-0.00888940653543624
2023-09-22,0.00494442174221299
2023-09-25,0.007380186238837627
2023-09-26,-0.023398233055442197
2023-09-27,-0.008897546338432094
2023-09-28,0.001525555085745145
2023-09-29,0.0030465530673637886
2023-10-02,0.014835656249258866
2023-10-03,-0.0077699847809551414
2023-10-04,0.0073086912893687295
2023-10-05,0.007197968628018581
2023-10-06,0.01475059789762101
2023-10-09,0.008450895575573991
2023-10-10,-0.0033520478196163994
2023-10-11,0.007904087563194828
2023-10-12,0.005061271365815134
2023-10-13,-0.010292825178304432
2023-10-16,-0.0007269533266962558
2023-10-17,-0.008784636599246332
2023-10-18,-0.0073948928373206435
2023-10-19,-0.0021607747394090104
2023-10-20,-0.014704356871572122
2023-10-23,0.0006939247251960268
2023-10-24,0.0025434591258275407
2023-10-25,-0.01349171487584
2023-10-26,-0.024605449794497414
2023-10-27,0.007969210239536118
2023-10-30,0.01230549377112955
2023-10-31,0.002818731359662374
2023-11-01,0.01873857230493514
2023-11-02,0.020693433542513517
2023-11-03,-0.005181254806594704
2023-11-06,0.014605042162213477
2023-11-07,0.014450791872352209
2023-11-08,0.00588500750357146
2023-11-09,-0.002624538101805518
2023-11-10,0.02322006603958182
2023-11-13,-0.008583650164168621
2023-11-14,0.014285616556982461
2023-11-15,0.0030410189634328955
2023-11-16,0.009042095939896688
2023-11-17,-0.00010548553210665279
2023-11-20,0.009278260608774236
2023-11-21,-0.0042307598150534975
2023-11-22,0.003514504711440214
2023-11-24,-0.007004473040672421
2023-11-27,-0.0009475835969027235
2023-11-28,0.0032141659528950317
2023-11-29,-0.00540974119413995
2023-11-30,0.003062863562906415
2023-12-01,0.006791324850122571
2023-12-04,-0.009464663868269607
2023-12-05,0.02106310148694024
2023-12-06,-0.005686915479248933
2023-12-07,0.010139330519279843
2023-12-08,0.007412479993295751
2023-12-11,-0.012927578853268118
2023-12-12,0.007920224573294554
2023-12-13,0.016691641629019482
2023-12-14,0.0007576253771479635
2023-12-15,-0.002725869031747985
2023-12-18,-0.008503201761710266
2023-12-19,0.005360049419743884
2023-12-20,-0.010713751424088924
2023-12-21,-0.0007700342641903113
2023-12-22,-0.005547553096769353
2023-12-26,-0.0028408136195962053
2023-12-27,0.000517983060532412
2023-12-28,0.0022261900039199922
2023-12-29,-0.005424170603091527
2024-01-02,-0.03578659848341381
2024-01-03,-0.007487574760101201
2024-01-04,-0.012700344418814513
2024-01-05,-0.004012771507466262
2024-01-08,0.024174823621713637
2024-01-09,-0.0022634092583259102
2024-01-10,0.005671359753989247
2024-01-11,-0.003222489210411905
2024-01-12,0.0017781529671769825
2024-01-16,-0.012317175541913028
2024-01-17,-0.0051735246513160416
2024-01-18,0.032570704991517374
2024-01-19,0.015532957094318123
2024-01-22,0.01216338223957858
2024-01-23,0.006653240170583441
2024-01-24,-0.0034840202846806445
2024-01-25,-0.0016965377962193662
2024-01-26,-0.009012735136319727
2024-01-29,-0.0035859935367826834
2024-01-30,-0.019245860313082397
2024-01-31,-0.01935764010592056
2024-02-01,0.013340736539286135
2024-02-02,-0.005405132462502293
2024-02-05,0.009846751075685667
2024-02-06,0.008631570559752166
2024-02-07,0.000581101298946729
2024-02-08,-0.00575464906115275
2024-02-09,0.004094116290946248
2024-02-12,-0.009002063212324996
2024-02-13,-0.011274310651427477
2024-02-14,-0.004809853834598199
2024-02-15,-0.0015748003843937264
2024-02-16,-0.008430272167380681
2024-02-20,-0.00411389654811567
2024-02-21,0.0041860155075681416
2024-02-22,0.011243954464758676
2024-02-23,-0.010034241141148703
2024-02-26,-0.007451227885586609
2024-02-27,0.008114368319515064
2024-02-28,-0.006625385352454383
2024-02-29,-0.003693078234560443
2024-03-01,-0.006030344330795634
2024-03-04,-0.02538127752718755
2024-03-05,-0.028440991320593856
2024-03-06,-0.005878208622145054
2024-03-07,-0.0007096105800260544
2024-03-08,0.010236891604586296
2024-03-11,0.01183138390765115
2024-03-12,0.002778619833305962
2024-03-13,-0.01212266607456991
2024-03-14,0.010927361349098552
2024-03-15,-0.002196524846524106
2024-03-18,0.0063724288623217
2024-03-19,0.013585073029849681
2024-03-20,0.014709274779795445
2024-03-21,-0.040857521996836565
2024-03-22,0.005310246580856548
2024-03-25,-0.00830059499231195
2024-03-26,-0.006672228509361555
2024-03-27,0.02121239807367381
2024-03-28,-0.010559091965533951
2024-04-01,-0.008455691642424878
2024-04-02,-0.006998810967354552
2024-04-03,0.0047974041761720265
2024-04-04,-0.00489230716170308
2024-04-05,0.004501730070037402
2024-04-08,-0.006663631566159123
2024-04-09,0.007242612528822079
2024-04-10,-0.011139093559256352
2024-04-11,0.04327063868878578
2024-04-12,0.0086267001948106
2024-04-15,-0.021863452302148145
2024-04-16,-0.019167224756300394
2024-04-17,-0.008147448778114463
2024-04-18,-0.00571436375002965
2024-04-19,-0.01221258096698652
2024-04-22,0.005090932030448858
2024-04-23,0.006391643075928988
2024-04-24,0.012702191126354734
2024-04-25,0.005147310821159268
2024-04-26,-0.003472698046022793
2024-04-29,0.024808143204567923
2024-04-30,-0.01827102534178804
2024-05-01,-0.006047058268373373
2024-05-02,0.022031744819093424
2024-05-03,0.059816383168988185
2024-05-06,-0.00910676718497383
2024-05-07,0.0037971732747672515
2024-05-08,0.0018640957531674829
2024-05-09,0.01001429048098923
2024-05-10,-0.006890361052783511
2024-05-13,0.017645478573449447
2024-05-14,0.00617350344669676
2024-05-15,0.012218006174512297
2024-05-16,0.0006323518398505534
2024-05-17,0.0001581095540452715
2024-05-20,0.006161977391640372
2024-05-21,0.006857262074279502
2024-05-22,-0.0075383502717980555
2024-05-23,-0.02105808347372351
2024-05-24,0.016588152112174903
2024-05-28,5.285320285963735e-05
2024-05-29,0.0015788756346499788
2024-05-30,0.005254972551412829
2024-05-31,0.005018823300362518
2024-06-03,0.009258632723012417
2024-06-04,0.0016491843353005908
2024-06-05,0.007821083807012963
2024-06-06,-0.007096628275302774
2024-06-07,0.012392129936816598
2024-06-10,-0.01914786023973869
2024-06-11,0.07264909593214641
2024-06-12,0.028578359558395272
2024-06-13,0.005491178636472416
2024-06-14,-0.008168351279513653
2024-06-17,0.019671579514099147
2024-06-18,-0.010984543077285913
2024-06-20,-0.02151295403413722
2024-06-21,-0.010444388677546712
2024-06-24,0.0031325718177475093
2024-06-25,0.00446838886744394
2024-06-26,0.019993073196484357
2024-06-27,0.003985926459303402
2024-06-28,-0.01625409054515603
2024-07-01,0.029104732429273916
2024-07-02,0.016239743834950193
2024-07-03,0.0058111002535039535
2024-07-05,0.02162038507727848
2024-07-08,0.006538910730926606
2024-07-09,0.0037748145952298806
2024-07-10,0.018803498228924465
2024-07-11,-0.023220766140675475
2024-07-12,0.013050921486357003
2024-07-15,0.01674326386226488
2024-07-16,0.001791882741659867
2024-07-17,-0.025296020747220038
2024-07-18,-0.0205347603498639
2024-07-19,0.000579802355507919
2024-07-22,-0.00156030217255676
2024-07-23,0.004688290218649138
2024-07-24,-0.02875429796675777
2024-07-25,-0.0048044942422481585
2024-07-26,0.0021610523446808916
2024-07-29,0.0012846216976407643
2024-07-30,0.002565876665720168
2024-07-31,0.01499097596798471
2024-08-01,-0.01675072738259209
2024-08-02,0.006869280440972458
2024-08-05,-0.04816689026183929
2024-08-06,-0.00974828986652232
2024-08-07,0.012498298000377606
2024-08-08,0.016633355885777634
2024-08-09,0.013735818937993916
2024-08-12,0.007129974064805644
2024-08-13,0.017192954238332447
2024-08-14,0.002033732654982856
2024-08-15,0.013530515147950783
2024-08-16,0.005918610021995452
2024-08-19,-0.0007078535323440382
2024-08-20,0.002744620432443279
2024-08-21,-0.00048563564090953193
2024-08-22,-0.008259613636425356
2024-08-23,0.010288143960685003
2024-08-26,0.001498797935076679
2024-08-27,0.003741522468774683
2024-08-28,-0.006753444060466962
2024-08-29,0.014570083330954109
2024-08-30,-0.0034378173409056467
2024-09-03,-0.027205188425360127
2024-09-04,-0.008618826339636287
2024-09-05,0.006927799031515747
2024-09-06,-0.007014952772974148
2024-09-09,0.0004074501756876625
2024-09-10,-0.0036214089392282434
2024-09-11,0.011585173919259839
2024-09-12,0.0004941016827186839
2024-09-13,-0.001212064467764784
2024-09-16,-0.027775187260998924
2024-09-17,0.0021725715802303203
2024-09-18,0.0179897313676467
2024-09-19,0.03706564077381258
2024-09-20,-0.0029275221508617832
2024-09-23,-0.007580977290249535
2024-09-24,0.003974071620775899
2024-09-25,-0.004398231601513647
2024-09-26,0.005080276800315753
2024-09-27,0.0011866248784970779
2024-09-30,0.022872127279706556
2024-10-01,-0.029141731329462295
2024-10-02,0.0025197324497827633
2024-10-03,-0.004894664246391289
2024-10-04,0.005007421565833559
2024-10-07,-0.02253096776399932
2024-10-08,0.01840422451097634
2024-10-09,0.016698182469286005
2024-10-10,-0.0021781926601471824
2024-10-11,-0.0065053218105783905
2024-10-14,0.016479883494170622
2024-10-15,0.01102469714902532
2024-10-16,-0.008851880115692157
2024-10-17,0.0015962701523390965
2024-10-18,0.012276633384040503
2024-10-21,0.0062977220347659735
2024-10-22,-0.002621646781271747
2024-10-23,-0.02162303699697188
2024-10-24,-0.0008233277710454345
2024-10-25,0.0036431465632580373
2024-10-28,0.008599419886778259
2024-10-29,0.00115679634468413
2024-10-30,-0.01527791307109605
2024-10-31,-0.018209486389209273
2024-11-01,-0.013279629670170268
2024-11-04,-0.004037539929773293
2024-11-05,0.0064862662269939975
2024-11-06,-0.003267082985873637
2024-11-07,0.021372228701887375
2024-11-08,-0.0011881839501586278
2024-11-11,-0.012028602253461695
2024-11-12,0.0
2024-11-13,0.003969128785468401
2024-11-14,0.013770514460679228
2024-11-15,-0.014109231725173532
2024-11-18,0.013422261395069857
2024-11-19,0.0011401307103171554
2024-11-20,0.0031541185202828004
2024-11-21,-0.0020961118923247257
2024-11-22,0.005907651736296593
2024-11-25,0.013050799063520024
2024-11-26,0.009404383964558116
2024-11-27,-0.0005530899446042348
2024-11-29,0.010215818571262636
2024-12-02,0.009522627447976273
2024-12-03,0.012771842943683387
2024-12-04,0.0014835691116914518
2024-12-05,0.0001234897054347428
2024-12-06,-0.0008229105467324471
2024-12-09,0.016101100453194572
2024-12-10,0.004133767327917814
2024-12-11,-0.005166061348511053
2024-12-12,0.005963760948136887
2024-12-13,0.000685557912040613
2024-12-16,0.011727622516872094
2024-12-17,0.009719625117285968
2024-12-18,-0.021421743657520365
2024-12-19,0.007014646628176857
2024-12-20,0.01881582284261496
2024-12-23,0.003064932130502296
2024-12-24,0.011478149780842495
2024-12-26,0.0031756214191516197
2024-12-27,-0.013242092326996358
2024-12-30,-0.013263489834321796
2024-12-31,-0.007057812266172192
2025-01-02,-0.026235910356350978
2025-01-03,-0.0020094841309014067
2025-01-06,0.006738981187339288
2025-01-07,-0.011387690653534621
2025-01-08,0.002023026959630858
2025-01-10,-0.024103790008731196
2025-01-13,-0.010344108351735049
2025-01-14,-0.004778187243388077
2025-01-15,0.019675864345413352
2025-01-16,-0.040400205052104066
2025-01-17,0.007535300675703516
2025-01-21,-0.03191583395502218
2025-01-22,0.005344873660921845
2025-01-23,-0.000759327517397268
2025-01-24,-0.003934587845766724
2025-01-27,0.03178009347702071
2025-01-28,0.036544019393602856
2025-01-29,0.004616873963120716
2025-01-30,-0.007394751430810587
2025-01-31,-0.006692194071819979
2025-02-03,-0.03385595001477659
2025-02-04,0.021007991156853256
2025-02-05,-0.0014176323384930134
2025-02-06,0.0032261596378813095
2025-02-07,-0.023968728918284055
2025-02-10,0.0011874440163079925
2025-02-11,0.021831726999336443
2025-02-12,0.018270119405793483
2025-02-13,0.019673273034993777
2025-02-14,0.012710672820557045
2025-02-18,-0.0005314982077990749
2025-02-19,0.0016362150092212868
2025-02-20,0.003920476204990031
2025-02-21,-0.0011390950939301758
2025-02-24,0.006312361012127177
2025-02-25,-0.00024281070979426111
2025-02-26,-0.027040111525261312
2025-02-27,-0.012730909119658906
2025-02-28,0.019131817285303443
2025-03-03,-0.01575417984040628
2025-03-04,-0.008822393793806338
2025-03-05,-0.0008052713346075047
2025-03-06,-0.001739193861249655
2025-03-07,0.015892575383111174
2025-03-10,-0.04847957993043717
2025-03-11,-0.029189402587743385
2025-03-12,-0.017478635218863614
2025-03-13,-0.03364381330123534
2025-03-14,0.018170648858295557
2025-03-17,0.002388919616684637
2025-03-18,-0.006121451944034906
2025-03-19,0.011989164429671684
2025-03-20,-0.00529635440418863
2025-03-21,0.019476865643276886
2025-03-24,0.011270448352069362
2025-03-25,0.013681814751342891
2025-03-26,-0.00992174956161096
2025-03-27,0.010472710559004783
2025-03-28,-0.026580362142440972
2025-03-31,0.019412553869742055
2025-04-01,0.004772069978492999
2025-04-02,0.003136263813379614
2025-04-03,-0.09245616900384979
2025-04-04,-0.07288735286484349
2025-04-07,-0.03673424992218577
2025-04-08,-0.04981826446171411
2025-04-09,0.15328858759749742
2025-04-10,-0.042393837760135056
2025-04-11,0.04059456540372364
2025-04-14,0.02205403629468683
2025-04-15,-0.001876462947934865
2025-04-16,-0.03893340381118693
2025-04-17,0.013949748781774352
2025-04-21,-0.019392820281730838
2025-04-22,0.034065056008802275
2025-04-23,0.02433156707055595
2025-04-24,0.018426155346186412
2025-04-25,0.004367234247518725
2025-04-28,0.004109299336489736
2025-04-29,0.005091900712749453
2025-04-30,0.006107696299581411
2025-05-01,0.0038588725907107158
2025-05-02,-0.03736175662959673
2025-05-05,-0.03145853051229541
2025-05-06,-0.0019106338687361335
2025-05-07,-0.011384845754250583
2025-05-08,0.0063184723403235665
2025-05-09,0.0052661928854598195
2025-05-12,0.0631461027687732
2025-05-13,0.010152317435524472
2025-05-14,-0.0028178056681582575
2025-05-15,-0.004144512789624688
2025-05-16,-0.000898553042967154
2025-05-19,-0.01173914816862931
2025-05-20,-0.00919618323867577
2025-05-21,-0.023059123765283074
2025-05-22,-0.003612241724830323
2025-05-23,-0.030244309700308447
2025-05-27,0.02529833309688767
2025-05-28,0.0010488369682313259
2025-05-29,-0.0023450393879255182
2025-05-30,0.004501166855784389
2025-06-02,0.004231968185255619
2025-06-03,0.0077838098212634765
2025-06-04,-0.0022137495221588033
2025-06-05,-0.010797720380636866
2025-06-06,0.01639824487714092
2025-06-09,-0.012112532119803454
2025-06-10,0.006055990446562909
2025-06-11,-0.019193718960232586
2025-06-12,0.0021129184846335747
2025-06-13,-0.013805280225029803
2025-06-16,0.01002805736938539
2025-06-17,-0.014010657964138473
2025-06-18,0.004804669485349855
2025-06-20,0.02248453964545738
2025-06-23,0.0024875174867879934
2025-06-24,-0.0059553649555199595
2025-06-25,0.006290653306879612
2025-06-26,-0.0027783428520183895
2025-06-27,0.00039801193533239854
2025-06-30,0.020340083752480087
2025-07-01,0.012916155765209991
2025-07-02,0.022230796315699353
2025-07-03,0.005225057886292905
2025-07-07,-0.01685796223455238
2025-07-08,0.00028576554438819457
2025-07-09,0.005380768910944633
2025-07-10,0.006014878555298253
2025-07-11,-0.005884740084281415
2025-07-14,-0.012028834934525112
2025-07-15,0.0023487523440752778
2025-07-16,0.005021351631776527
2025-07-17,-0.0006661442091880909
2025-07-18,0.00552320145423657
2025-07-21,0.006155862513610666
2025-07-22,0.009036190140318423
2025-07-23,-0.001166095219330865
2025-07-24,-0.0018211179209767225
2025-07-25,0.0005613442591165807
2025-07-28,0.0007949585217563726
2025-07-29,-0.012987665800312187
2025-07-30,-0.010507915039244642
2025-07-31,-0.007079571638254123
2025-08-01,-0.02500361671306328
2025-08-04,0.004792959023176335
2025-08-05,-0.0021146570738387327
2025-08-06,0.050906762062084
2025-08-07,0.03179366736256095
2025-08-08,0.04235796846134887
2025-08-11,-0.008337425180589553
2025-08-12,0.010872370357086103
2025-08-13,0.016024473911425474
2025-08-14,-0.002357161460252888
2025-08-15,-0.005112222817020617
2025-08-18,-0.0030225879499951036
2025-08-19,-0.0014292032878627792
2025-08-20,-0.019734590701623533
2025-08-21,-0.004911316333835347
2025-08-22,0.012716805363276906
2025-08-25,-0.002634298654397349
2025-08-26,0.009464670754514737
2025-08-27,0.005145914812595631
2025-08-28,0.008980837064874514
2025-08-29,-0.0018060015285242814
2025-09-02,-0.010424716908628007
2025-09-03,0.03808984120498149
2025-09-04,0.005493363876168944
2025-09-05,-0.00037540658420298634
2025-09-08,-0.007551389041256629
2025-09-09,-0.014839416284502027
2025-09-10,-0.03225946602106422
2025-09-11,0.014286365271970913
2025-09-12,0.01756300955560164
2025-09-15,0.01123583763910907
2025-09-16,0.006125935389198034
2025-09-17,0.003527220020250743
2025-09-18,-0.004644573125239804
2025-09-19,0.03203293872010393
2025-09-22,0.04309567281585802
2025-09-23,-0.006443258425658294
2025-09-24,-0.008332350414175016
2025-09-25,0.018072966979806315
2025-09-26,-0.005489100657377954
2025-09-29,-0.004031962461707783
2025-09-30,0.0007861150085717306
2025-10-01,0.0032203416899190263
2025-10-02,0.00657662791005964
2025-10-03,0.003461279462880995
2025-10-06,-0.005154576259537191
2025-10-07,-0.0008181444267610916
2025-10-08,0.006160270999708617
2025-10-09,-0.015577801150541859
2025-10-10,-0.034522045132806656
2025-10-13,0.009744359001401026
2025-10-14,0.0004441421356069508
2025-10-15,0.006336473629484196
2025-10-16,-0.007579986804138628
2025-10-17,0.019559457191237417
2025-10-20,0.0394388237214669
2025-10-21,0.002021049273656983
2025-10-22,-0.016440179021178225
2025-10-23,0.004372053262009956
2025-10-24,0.012481779466614773
2025-10-27,0.02279127405766279
2025-10-28,0.0007068103233436318
2025-10-29,0.0026022346664624774
2025-10-30,0.006303229091240592
2025-10-31,-0.003795042898427692
2025-11-03,-0.004882257880291285
2025-11-04,0.003679658451690937
2025-11-05,0.0003703646251622672
2025-11-06,-0.0013697625428008564
2025-11-07,-0.0048188791892468386
2025-11-10,0.004548721603090611
2025-11-11,0.02160110352909128
2025-11-12,-0.0064667915516215535
2025-11-13,-0.0019014401037990014
2025-11-14,-0.00197847614027602
2025-11-17,-0.01817114312581336
2025-11-18,-7.469218596389826e-05
2025-11-19,0.004187757744410714
2025-11-20,-0.00860139398019577
2025-11-21,0.01968065895668869
2025-11-24,0.016317525903571717
2025-11-25,0.0038054245067611348
2025-11-26,0.002094015298321983
2025-11-28,0.0046838874009274
2025-12-01,0.01524118957389331
2025-12-02,0.010914820528252767
2025-12-03,-0.007128107299873898
2025-12-04,-0.012141483369261685
2025-12-05,-0.006840070477014848
2025-12-08,-0.0031924534677664207
2025-12-09,-0.0025550193698475887
2025-12-10,0.005772445948890148
2025-12-11,-0.0026902907054526803
2025-12-12,0.0008992558753764257
2025-12-15,-0.014985035929685031
2025-12-16,0.0018241206270945831
2025-12-17,-0.010086976563313366
2025-12-18,0.0012875132341483297
2025-12-19,0.005437456457254575
2025-12-22,-0.0098660198257976
2025-12-23,0.005129726100470355
2025-12-24,0.0053238158353827725
2025-12-26,-0.0014973530252399003
2025-12-29,0.0013168132449112857
2025-12-30,-0.002483993295382736
2025-12-31,-0.004467601499789753
2026-01-02,-0.003126523879828924
2026-01-05,-0.013837113287258118
2026-01-06,-0.018334308830022295
2026-01-07,-0.00773747740562758
2026-01-08,-0.004955108337700187
2026-01-09,0.0012738954148727721
2026-01-12,0.0033928502238405045
2026-01-13,0.0030738623692765366
2026-01-14,-0.0041753602144793955
2026-01-15,-0.00673187624656213
2026-01-16,-0.010379073276537754
2026-01-20,-0.03455563492367564
2026-01-21,0.003850831106810837
2026-01-22,0.0028266120532465244
2026-01-23,-0.001248289505752287
2026-01-26,0.029712962519965025
2026-01-27,0.011197578028024013
2026-01-28,-0.007085445328186779
2026-01-29,0.007175077196164281
2026-01-30,0.0046461394466286166
2026-02-02,0.04058122413384724
2026-02-03,-0.0019629122599374993
2026-02-04,0.026012954335186356
2026-02-05,-0.0020976508564164442
2026-02-06,0.008009793893585249
2026-02-09,-0.01166051394653178
2026-02-10,-0.003422920610733904
2026-02-11,0.0066501292492171515
2026-02-12,-0.049981811301894274
2026-02-13,-0.022733396848946263
2026-02-17,0.031667863563111576
2026-02-18,0.0017811172199722058
2026-02-19,-0.014261469431454121
2026-02-20,0.015350373037534393
2026-02-23,0.006047343656806037
2026-02-24,0.022390946489790453
2026-02-25,0.007679856784716499
2026-02-26,-0.004667610137537803
2026-02-27,-0.03213049693728531
2026-03-02,0.002044093269336189
2026-03-03,-0.0036642536122324376
2026-03-04,-0.004663548763329417
2026-03-05,-0.00849451684471103
2026-03-06,-0.010872553678353492
2026-03-09,0.009399570838394267
2026-03-10,0.0036554627966916
2026-03-11,-7.663617950748325e-05
2026-03-12,-0.019362766377938656
2026-03-13,-0.022051921765652405
2026-03-16,0.01079486750256109
2026-03-17,0.005577044389181385
2026-03-18,-0.016874457610149385
2026-03-19,-0.0039209238936004365
2026-03-20,-0.003896213024359163
2026-03-23,0.01411347200480817
2026-03-24,0.0005964209042432778
2026-03-25,0.00389443542328749
2026-03-26,0.0010688159198788405
2026-03-27,-0.016173025219509918
2026-03-30,-0.008721857485242457
2026-03-31,0.029031294901536553
2026-04-01,0.007250134541771258
2026-04-02,0.0011344258521832629
2026-04-06,0.011487914987700076
2026-04-07,-0.020706117804507373
2026-04-08,0.02130175107094434
2026-04-09,0.006141353323192211
2026-04-10,-3.8309525974056235e-05
2026-04-13,-0.004914000020385667
2026-04-14,-0.001427567968129817
2026-04-15,0.029362927395561567
2026-04-16,-0.011372588907376024
